Q,Bi-Bi,Total
0.01000,-0.46376,-0.46376
0.03000,-0.45897,-0.45897
0.05000,-0.44945,-0.44945
0.07000,-0.43539,-0.43539
0.09000,-0.41700,-0.41700
0.11000,-0.39460,-0.39460
0.13000,-0.36857,-0.36857
0.15000,-0.33934,-0.33934
0.17000,-0.30739,-0.30739
0.19000,-0.27326,-0.27326
0.21000,-0.23751,-0.23751
0.23000,-0.20073,-0.20073
0.25000,-0.16351,-0.16351
0.27000,-0.12646,-0.12646
0.29000,-0.09016,-0.09016
0.31000,-0.05519,-0.05519
0.33000,-0.02207,-0.02207
0.35000,0.00869,0.00869
0.37000,0.03667,0.03667
0.39000,0.06146,0.06146
0.41000,0.08278,0.08278
0.43000,0.10036,0.10036
0.45000,0.11406,0.11406
0.47000,0.12379,0.12379
0.49000,0.12956,0.12956
0.51000,0.13146,0.13146
0.53000,0.12965,0.12965
0.55000,0.12438,0.12438
0.57000,0.11597,0.11597
0.59000,0.10479,0.10479
0.61000,0.09128,0.09128
0.63000,0.07593,0.07593
0.65000,0.05924,0.05924
0.67000,0.04175,0.04175
0.69000,0.02402,0.02402
0.71000,0.00658,0.00658
0.73000,-0.01004,-0.01004
0.75000,-0.02534,-0.02534
0.77000,-0.03887,-0.03887
0.79000,-0.05023,-0.05023
0.81000,-0.05907,-0.05907
0.83000,-0.06512,-0.06512
0.85000,-0.06820,-0.06820
0.87000,-0.06820,-0.06820
0.89000,-0.06510,-0.06510
0.91000,-0.05896,-0.05896
0.93000,-0.04994,-0.04994
0.95000,-0.03828,-0.03828
0.97000,-0.02428,-0.02428
0.99000,-0.00832,-0.00832
1.01000,0.00917,0.00917
1.03000,0.02771,0.02771
1.05000,0.04678,0.04678
1.07000,0.06587,0.06587
1.09000,0.08445,0.08445
1.11000,0.10201,0.10201
1.13000,0.11805,0.11805
1.15000,0.13215,0.13215
1.17000,0.14393,0.14393
1.19000,0.15308,0.15308
1.21000,0.15940,0.15940
1.23000,0.16276,0.16276
1.25000,0.16315,0.16315
1.27000,0.16065,0.16065
1.29000,0.15546,0.15546
1.31000,0.14791,0.14791
1.33000,0.13839,0.13839
1.35000,0.12743,0.12743
1.37000,0.11563,0.11563
1.39000,0.10367,0.10367
1.41000,0.09231,0.09231
1.43000,0.08233,0.08233
1.45000,0.07456,0.07456
1.47000,0.06983,0.06983
1.49000,0.06895,0.06895
1.51000,0.07272,0.07272
1.53000,0.08188,0.08188
1.55000,0.09707,0.09707
1.57000,0.11889,0.11889
1.59000,0.14777,0.14777
1.61000,0.18408,0.18408
1.63000,0.22800,0.22800
1.65000,0.27960,0.27960
1.67000,0.33878,0.33878
1.69000,0.40530,0.40530
1.71000,0.47873,0.47873
1.73000,0.55854,0.55854
1.75000,0.64401,0.64401
1.77000,0.73433,0.73433
1.79000,0.82853,0.82853
1.81000,0.92556,0.92556
1.83000,1.02429,1.02429
1.85000,1.12353,1.12353
1.87000,1.22203,1.22203
1.89000,1.31855,1.31855
1.91000,1.41185,1.41185
1.93000,1.50073,1.50073
1.95000,1.58403,1.58403
1.97000,1.66070,1.66070
1.99000,1.72978,1.72978
2.01000,1.79041,1.79041
2.03000,1.84190,1.84190
2.05000,1.88368,1.88368
2.07000,1.91538,1.91538
2.09000,1.93675,1.93675
2.11000,1.94776,1.94776
2.13000,1.94850,1.94850
2.15000,1.93926,1.93926
2.17000,1.92047,1.92047
2.19000,1.89273,1.89273
2.21000,1.85676,1.85676
2.23000,1.81338,1.81338
2.25000,1.76355,1.76355
2.27000,1.70827,1.70827
2.29000,1.64862,1.64862
2.31000,1.58571,1.58571
2.33000,1.52066,1.52066
2.35000,1.45459,1.45459
2.37000,1.38858,1.38858
2.39000,1.32366,1.32366
2.41000,1.26081,1.26081
2.43000,1.20089,1.20089
2.45000,1.14468,1.14468
2.47000,1.09286,1.09286
2.49000,1.04597,1.04597
2.51000,1.00442,1.00442
2.53000,0.96852,0.96852
2.55000,0.93842,0.93842
2.57000,0.91415,0.91415
2.59000,0.89564,0.89564
2.61000,0.88267,0.88267
2.63000,0.87495,0.87495
2.65000,0.87207,0.87207
2.67000,0.87356,0.87356
2.69000,0.87887,0.87887
2.71000,0.88742,0.88742
2.73000,0.89856,0.89856
2.75000,0.91167,0.91167
2.77000,0.92608,0.92608
2.79000,0.94116,0.94116
2.81000,0.95628,0.95628
2.83000,0.97088,0.97088
2.85000,0.98441,0.98441
2.87000,0.99639,0.99639
2.89000,1.00642,1.00642
2.91000,1.01414,1.01414
2.93000,1.01928,1.01928
2.95000,1.02165,1.02165
2.97000,1.02112,1.02112
2.99000,1.01765,1.01765
3.01000,1.01125,1.01125
3.03000,1.00202,1.00202
3.05000,0.99009,0.99009
3.07000,0.97568,0.97568
3.09000,0.95904,0.95904
3.11000,0.94045,0.94045
3.13000,0.92024,0.92024
3.15000,0.89876,0.89876
3.17000,0.87636,0.87636
3.19000,0.85342,0.85342
3.21000,0.83031,0.83031
3.23000,0.80740,0.80740
3.25000,0.78503,0.78503
3.27000,0.76355,0.76355
3.29000,0.74327,0.74327
3.31000,0.72447,0.72447
3.33000,0.70741,0.70741
3.35000,0.69233,0.69233
3.37000,0.67941,0.67941
3.39000,0.66883,0.66883
3.41000,0.66070,0.66070
3.43000,0.65511,0.65511
3.45000,0.65215,0.65215
3.47000,0.65182,0.65182
3.49000,0.65413,0.65413
3.51000,0.65906,0.65906
3.53000,0.66655,0.66655
3.55000,0.67651,0.67651
3.57000,0.68885,0.68885
3.59000,0.70343,0.70343
3.61000,0.72014,0.72014
3.63000,0.73879,0.73879
3.65000,0.75922,0.75922
3.67000,0.78125,0.78125
3.69000,0.80467,0.80467
3.71000,0.82929,0.82929
3.73000,0.85488,0.85488
3.75000,0.88123,0.88123
3.77000,0.90812,0.90812
3.79000,0.93532,0.93532
3.81000,0.96261,0.96261
3.83000,0.98976,0.98976
3.85000,1.01655,1.01655
3.87000,1.04278,1.04278
3.89000,1.06823,1.06823
3.91000,1.09272,1.09272
3.93000,1.11605,1.11605
3.95000,1.13806,1.13806
3.97000,1.15859,1.15859
3.99000,1.17752,1.17752
4.01000,1.19471,1.19471
4.03000,1.21009,1.21009
4.05000,1.22356,1.22356
4.07000,1.23509,1.23509
4.09000,1.24464,1.24464
4.11000,1.25221,1.25221
4.13000,1.25780,1.25780
4.15000,1.26147,1.26147
4.17000,1.26327,1.26327
4.19000,1.26328,1.26328
4.21000,1.26159,1.26159
4.23000,1.25833,1.25833
4.25000,1.25360,1.25360
4.27000,1.24756,1.24756
4.29000,1.24034,1.24034
4.31000,1.23209,1.23209
4.33000,1.22296,1.22296
4.35000,1.21310,1.21310
4.37000,1.20267,1.20267
4.39000,1.19179,1.19179
4.41000,1.18060,1.18060
4.43000,1.16923,1.16923
4.45000,1.15778,1.15778
4.47000,1.14635,1.14635
4.49000,1.13502,1.13502
4.51000,1.12386,1.12386
4.53000,1.11292,1.11292
4.55000,1.10224,1.10224
4.57000,1.09184,1.09184
4.59000,1.08174,1.08174
4.61000,1.07193,1.07193
4.63000,1.06241,1.06241
4.65000,1.05315,1.05315
4.67000,1.04414,1.04414
4.69000,1.03535,1.03535
4.71000,1.02674,1.02674
4.73000,1.01829,1.01829
4.75000,1.00997,1.00997
4.77000,1.00177,1.00177
4.79000,0.99364,0.99364
4.81000,0.98560,0.98560
4.83000,0.97763,0.97763
4.85000,0.96973,0.96973
4.87000,0.96191,0.96191
4.89000,0.95419,0.95419
4.91000,0.94660,0.94660
4.93000,0.93916,0.93916
4.95000,0.93192,0.93192
4.97000,0.92491,0.92491
4.99000,0.91817,0.91817
5.01000,0.91176,0.91176
5.03000,0.90571,0.90571
5.05000,0.90008,0.90008
5.07000,0.89489,0.89489
5.09000,0.89019,0.89019
5.11000,0.88601,0.88601
5.13000,0.88236,0.88236
5.15000,0.87927,0.87927
5.17000,0.87673,0.87673
5.19000,0.87476,0.87476
5.21000,0.87334,0.87334
5.23000,0.87245,0.87245
5.25000,0.87206,0.87206
5.27000,0.87216,0.87216
5.29000,0.87271,0.87271
5.31000,0.87366,0.87366
5.33000,0.87498,0.87498
5.35000,0.87662,0.87662
5.37000,0.87854,0.87854
5.39000,0.88070,0.88070
5.41000,0.88308,0.88308
5.43000,0.88564,0.88564
5.45000,0.88835,0.88835
5.47000,0.89120,0.89120
5.49000,0.89418,0.89418
5.51000,0.89730,0.89730
5.53000,0.90055,0.90055
5.55000,0.90395,0.90395
5.57000,0.90752,0.90752
5.59000,0.91130,0.91130
5.61000,0.91531,0.91531
5.63000,0.91959,0.91959
5.65000,0.92419,0.92419
5.67000,0.92913,0.92913
5.69000,0.93446,0.93446
5.71000,0.94021,0.94021
5.73000,0.94641,0.94641
5.75000,0.95308,0.95308
5.77000,0.96023,0.96023
5.79000,0.96787,0.96787
5.81000,0.97598,0.97598
5.83000,0.98456,0.98456
5.85000,0.99355,0.99355
5.87000,1.00292,1.00292
5.89000,1.01261,1.01261
5.91000,1.02254,1.02254
5.93000,1.03263,1.03263
5.95000,1.04279,1.04279
5.97000,1.05292,1.05292
5.99000,1.06291,1.06291
6.01000,1.07264,1.07264
6.03000,1.08201,1.08201
6.05000,1.09090,1.09090
6.07000,1.09919,1.09919
6.09000,1.10679,1.10679
6.11000,1.11358,1.11358
6.13000,1.11949,1.11949
6.15000,1.12444,1.12444
6.17000,1.12836,1.12836
6.19000,1.13121,1.13121
6.21000,1.13296,1.13296
6.23000,1.13360,1.13360
6.25000,1.13312,1.13312
6.27000,1.13156,1.13156
6.29000,1.12895,1.12895
6.31000,1.12535,1.12535
6.33000,1.12083,1.12083
6.35000,1.11548,1.11548
6.37000,1.10940,1.10940
6.39000,1.10269,1.10269
6.41000,1.09547,1.09547
6.43000,1.08786,1.08786
6.45000,1.07998,1.07998
6.47000,1.07196,1.07196
6.49000,1.06390,1.06390
6.51000,1.05592,1.05592
6.53000,1.04813,1.04813
6.55000,1.04062,1.04062
6.57000,1.03347,1.03347
6.59000,1.02675,1.02675
6.61000,1.02052,1.02052
6.63000,1.01482,1.01482
6.65000,1.00966,1.00966
6.67000,1.00507,1.00507
6.69000,1.00102,1.00102
6.71000,0.99750,0.99750
6.73000,0.99448,0.99448
6.75000,0.99191,0.99191
6.77000,0.98974,0.98974
6.79000,0.98791,0.98791
6.81000,0.98633,0.98633
6.83000,0.98496,0.98496
6.85000,0.98370,0.98370
6.87000,0.98250,0.98250
6.89000,0.98128,0.98128
6.91000,0.97998,0.97998
6.93000,0.97855,0.97855
6.95000,0.97693,0.97693
6.97000,0.97511,0.97511
6.99000,0.97304,0.97304
7.01000,0.97072,0.97072
7.03000,0.96815,0.96815
7.05000,0.96534,0.96534
7.07000,0.96231,0.96231
7.09000,0.95909,0.95909
7.11000,0.95574,0.95574
7.13000,0.95229,0.95229
7.15000,0.94882,0.94882
7.17000,0.94538,0.94538
7.19000,0.94205,0.94205
7.21000,0.93888,0.93888
7.23000,0.93596,0.93596
7.25000,0.93334,0.93334
7.27000,0.93109,0.93109
7.29000,0.92926,0.92926
7.31000,0.92790,0.92790
7.33000,0.92705,0.92705
7.35000,0.92673,0.92673
7.37000,0.92697,0.92697
7.39000,0.92777,0.92777
7.41000,0.92912,0.92912
7.43000,0.93100,0.93100
7.45000,0.93340,0.93340
7.47000,0.93627,0.93627
7.49000,0.93956,0.93956
7.51000,0.94323,0.94323
7.53000,0.94721,0.94721
7.55000,0.95145,0.95145
7.57000,0.95587,0.95587
7.59000,0.96041,0.96041
7.61000,0.96501,0.96501
7.63000,0.96959,0.96959
7.65000,0.97410,0.97410
7.67000,0.97850,0.97850
7.69000,0.98272,0.98272
7.71000,0.98675,0.98675
7.73000,0.99054,0.99054
7.75000,0.99407,0.99407
7.77000,0.99735,0.99735
7.79000,1.00036,1.00036
7.81000,1.00311,1.00311
7.83000,1.00563,1.00563
7.85000,1.00793,1.00793
7.87000,1.01005,1.01005
7.89000,1.01203,1.01203
7.91000,1.01389,1.01389
7.93000,1.01568,1.01568
7.95000,1.01744,1.01744
7.97000,1.01921,1.01921
7.99000,1.02103,1.02103
8.01000,1.02293,1.02293
8.03000,1.02492,1.02492
8.05000,1.02704,1.02704
8.07000,1.02929,1.02929
8.09000,1.03167,1.03167
8.11000,1.03417,1.03417
8.13000,1.03679,1.03679
8.15000,1.03949,1.03949
8.17000,1.04224,1.04224
8.19000,1.04500,1.04500
8.21000,1.04772,1.04772
8.23000,1.05036,1.05036
8.25000,1.05284,1.05284
8.27000,1.05513,1.05513
8.29000,1.05715,1.05715
8.31000,1.05885,1.05885
8.33000,1.06018,1.06018
8.35000,1.06108,1.06108
8.37000,1.06151,1.06151
8.39000,1.06144,1.06144
8.41000,1.06084,1.06084
8.43000,1.05970,1.05970
8.45000,1.05800,1.05800
8.47000,1.05576,1.05576
8.49000,1.05298,1.05298
8.51000,1.04971,1.04971
8.53000,1.04598,1.04598
8.55000,1.04184,1.04184
8.57000,1.03734,1.03734
8.59000,1.03255,1.03255
8.61000,1.02755,1.02755
8.63000,1.02241,1.02241
8.65000,1.01721,1.01721
8.67000,1.01204,1.01204
8.69000,1.00696,1.00696
8.71000,1.00205,1.00205
8.73000,0.99739,0.99739
8.75000,0.99304,0.99304
8.77000,0.98905,0.98905
8.79000,0.98547,0.98547
8.81000,0.98234,0.98234
8.83000,0.97968,0.97968
8.85000,0.97751,0.97751
8.87000,0.97582,0.97582
8.89000,0.97461,0.97461
8.91000,0.97385,0.97385
8.93000,0.97351,0.97351
8.95000,0.97356,0.97356
8.97000,0.97393,0.97393
8.99000,0.97458,0.97458
9.01000,0.97545,0.97545
9.03000,0.97647,0.97647
9.05000,0.97757,0.97757
9.07000,0.97870,0.97870
9.09000,0.97979,0.97979
9.11000,0.98078,0.98078
9.13000,0.98162,0.98162
9.15000,0.98226,0.98226
9.17000,0.98268,0.98268
9.19000,0.98284,0.98284
9.21000,0.98272,0.98272
9.23000,0.98232,0.98232
9.25000,0.98165,0.98165
9.27000,0.98070,0.98070
9.29000,0.97952,0.97952
9.31000,0.97812,0.97812
9.33000,0.97656,0.97656
9.35000,0.97487,0.97487
9.37000,0.97311,0.97311
9.39000,0.97134,0.97134
9.41000,0.96961,0.96961
9.43000,0.96798,0.96798
9.45000,0.96651,0.96651
9.47000,0.96526,0.96526
9.49000,0.96428,0.96428
9.51000,0.96361,0.96361
9.53000,0.96328,0.96328
9.55000,0.96334,0.96334
9.57000,0.96380,0.96380
9.59000,0.96468,0.96468
9.61000,0.96598,0.96598
9.63000,0.96769,0.96769
9.65000,0.96980,0.96980
9.67000,0.97228,0.97228
9.69000,0.97511,0.97511
9.71000,0.97824,0.97824
9.73000,0.98163,0.98163
9.75000,0.98522,0.98522
9.77000,0.98897,0.98897
9.79000,0.99282,0.99282
9.81000,0.99670,0.99670
9.83000,1.00057,1.00057
9.85000,1.00436,1.00436
9.87000,1.00802,1.00802
9.89000,1.01152,1.01152
9.91000,1.01479,1.01479
9.93000,1.01781,1.01781
9.95000,1.02055,1.02055
9.97000,1.02297,1.02297
9.99000,1.02507,1.02507
10.01000,1.02684,1.02684
10.03000,1.02827,1.02827
10.05000,1.02936,1.02936
10.07000,1.03014,1.03014
10.09000,1.03061,1.03061
10.11000,1.03081,1.03081
10.13000,1.03074,1.03074
10.15000,1.03045,1.03045
10.17000,1.02996,1.02996
10.19000,1.02931,1.02931
10.21000,1.02853,1.02853
10.23000,1.02765,1.02765
10.25000,1.02670,1.02670
10.27000,1.02571,1.02571
10.29000,1.02470,1.02470
10.31000,1.02369,1.02369
10.33000,1.02270,1.02270
10.35000,1.02175,1.02175
10.37000,1.02084,1.02084
10.39000,1.01997,1.01997
10.41000,1.01915,1.01915
10.43000,1.01838,1.01838
10.45000,1.01764,1.01764
10.47000,1.01692,1.01692
10.49000,1.01623,1.01623
10.51000,1.01553,1.01553
10.53000,1.01482,1.01482
10.55000,1.01408,1.01408
10.57000,1.01330,1.01330
10.59000,1.01246,1.01246
10.61000,1.01155,1.01155
10.63000,1.01057,1.01057
10.65000,1.00949,1.00949
10.67000,1.00833,1.00833
10.69000,1.00706,1.00706
10.71000,1.00571,1.00571
10.73000,1.00426,1.00426
10.75000,1.00274,1.00274
10.77000,1.00114,1.00114
10.79000,0.99948,0.99948
10.81000,0.99779,0.99779
10.83000,0.99606,0.99606
10.85000,0.99433,0.99433
10.87000,0.99262,0.99262
10.89000,0.99095,0.99095
10.91000,0.98933,0.98933
10.93000,0.98779,0.98779
10.95000,0.98635,0.98635
10.97000,0.98502,0.98502
10.99000,0.98383,0.98383
11.01000,0.98279,0.98279
11.03000,0.98191,0.98191
11.05000,0.98121,0.98121
11.07000,0.98068,0.98068
11.09000,0.98033,0.98033
11.11000,0.98017,0.98017
11.13000,0.98019,0.98019
11.15000,0.98039,0.98039
11.17000,0.98075,0.98075
11.19000,0.98128,0.98128
11.21000,0.98195,0.98195
11.23000,0.98276,0.98276
11.25000,0.98368,0.98368
11.27000,0.98470,0.98470
11.29000,0.98581,0.98581
11.31000,0.98698,0.98698
11.33000,0.98820,0.98820
11.35000,0.98945,0.98945
11.37000,0.99071,0.99071
11.39000,0.99196,0.99196
11.41000,0.99319,0.99319
11.43000,0.99438,0.99438
11.45000,0.99553,0.99553
11.47000,0.99660,0.99660
11.49000,0.99761,0.99761
11.51000,0.99854,0.99854
11.53000,0.99938,0.99938
11.55000,1.00013,1.00013
11.57000,1.00078,1.00078
11.59000,1.00133,1.00133
11.61000,1.00179,1.00179
11.63000,1.00216,1.00216
11.65000,1.00243,1.00243
11.67000,1.00262,1.00262
11.69000,1.00273,1.00273
11.71000,1.00276,1.00276
11.73000,1.00273,1.00273
11.75000,1.00264,1.00264
11.77000,1.00249,1.00249
11.79000,1.00231,1.00231
11.81000,1.00210,1.00210
11.83000,1.00186,1.00186
11.85000,1.00161,1.00161
11.87000,1.00135,1.00135
11.89000,1.00110,1.00110
11.91000,1.00086,1.00086
11.93000,1.00063,1.00063
11.95000,1.00044,1.00044
11.97000,1.00027,1.00027
11.99000,1.00014,1.00014
12.01000,1.00006,1.00006
12.03000,1.00001,1.00001
12.05000,1.00001,1.00001
12.07000,1.00006,1.00006
12.09000,1.00016,1.00016
12.11000,1.00030,1.00030
12.13000,1.00048,1.00048
12.15000,1.00071,1.00071
12.17000,1.00097,1.00097
12.19000,1.00126,1.00126
12.21000,1.00158,1.00158
12.23000,1.00192,1.00192
12.25000,1.00227,1.00227
12.27000,1.00263,1.00263
12.29000,1.00299,1.00299
12.31000,1.00333,1.00333
12.33000,1.00366,1.00366
12.35000,1.00397,1.00397
12.37000,1.00425,1.00425
12.39000,1.00449,1.00449
12.41000,1.00468,1.00468
12.43000,1.00484,1.00484
12.45000,1.00494,1.00494
12.47000,1.00499,1.00499
12.49000,1.00499,1.00499
12.51000,1.00493,1.00493
12.53000,1.00483,1.00483
12.55000,1.00467,1.00467
12.57000,1.00447,1.00447
12.59000,1.00424,1.00424
12.61000,1.00397,1.00397
12.63000,1.00367,1.00367
12.65000,1.00336,1.00336
12.67000,1.00304,1.00304
12.69000,1.00273,1.00273
12.71000,1.00243,1.00243
12.73000,1.00214,1.00214
12.75000,1.00190,1.00190
12.77000,1.00169,1.00169
12.79000,1.00153,1.00153
12.81000,1.00143,1.00143
12.83000,1.00139,1.00139
12.85000,1.00142,1.00142
12.87000,1.00151,1.00151
12.89000,1.00169,1.00169
12.91000,1.00193,1.00193
12.93000,1.00224,1.00224
12.95000,1.00261,1.00261
12.97000,1.00304,1.00304
12.99000,1.00352,1.00352
13.01000,1.00403,1.00403
13.03000,1.00457,1.00457
13.05000,1.00512,1.00512
13.07000,1.00567,1.00567
13.09000,1.00619,1.00619
13.11000,1.00668,1.00668
13.13000,1.00711,1.00711
13.15000,1.00747,1.00747
13.17000,1.00773,1.00773
13.19000,1.00790,1.00790
13.21000,1.00794,1.00794
13.23000,1.00785,1.00785
13.25000,1.00762,1.00762
13.27000,1.00723,1.00723
13.29000,1.00669,1.00669
13.31000,1.00599,1.00599
13.33000,1.00513,1.00513
13.35000,1.00412,1.00412
13.37000,1.00296,1.00296
13.39000,1.00166,1.00166
13.41000,1.00024,1.00024
13.43000,0.99872,0.99872
13.45000,0.99711,0.99711
13.47000,0.99544,0.99544
13.49000,0.99373,0.99373
13.51000,0.99201,0.99201
13.53000,0.99031,0.99031
13.55000,0.98865,0.98865
13.57000,0.98708,0.98708
13.59000,0.98560,0.98560
13.61000,0.98426,0.98426
13.63000,0.98308,0.98308
13.65000,0.98207,0.98207
13.67000,0.98127,0.98127
13.69000,0.98070,0.98070
13.71000,0.98035,0.98035
13.73000,0.98025,0.98025
13.75000,0.98040,0.98040
13.77000,0.98081,0.98081
13.79000,0.98146,0.98146
13.81000,0.98235,0.98235
13.83000,0.98347,0.98347
13.85000,0.98480,0.98480
13.87000,0.98633,0.98633
13.89000,0.98801,0.98801
13.91000,0.98984,0.98984
13.93000,0.99178,0.99178
13.95000,0.99379,0.99379
13.97000,0.99585,0.99585
13.99000,0.99791,0.99791
14.01000,0.99995,0.99995
14.03000,1.00193,1.00193
14.05000,1.00382,1.00382
14.07000,1.00560,1.00560
14.09000,1.00722,1.00722
14.11000,1.00868,1.00868
14.13000,1.00994,1.00994
14.15000,1.01101,1.01101
14.17000,1.01185,1.01185
14.19000,1.01248,1.01248
14.21000,1.01288,1.01288
14.23000,1.01306,1.01306
14.25000,1.01303,1.01303
14.27000,1.01280,1.01280
14.29000,1.01238,1.01238
14.31000,1.01179,1.01179
14.33000,1.01106,1.01106
14.35000,1.01020,1.01020
14.37000,1.00925,1.00925
14.39000,1.00823,1.00823
14.41000,1.00717,1.00717
14.43000,1.00609,1.00609
14.45000,1.00502,1.00502
14.47000,1.00398,1.00398
14.49000,1.00300,1.00300
14.51000,1.00208,1.00208
14.53000,1.00126,1.00126
14.55000,1.00054,1.00054
14.57000,0.99993,0.99993
14.59000,0.99943,0.99943
14.61000,0.99906,0.99906
14.63000,0.99880,0.99880
14.65000,0.99865,0.99865
14.67000,0.99860,0.99860
14.69000,0.99865,0.99865
14.71000,0.99878,0.99878
14.73000,0.99897,0.99897
14.75000,0.99922,0.99922
14.77000,0.99951,0.99951
14.79000,0.99981,0.99981
14.81000,1.00013,1.00013
14.83000,1.00044,1.00044
14.85000,1.00072,1.00072
14.87000,1.00098,1.00098
14.89000,1.00120,1.00120
14.91000,1.00138,1.00138
14.93000,1.00151,1.00151
14.95000,1.00160,1.00160
14.97000,1.00164,1.00164
14.99000,1.00163,1.00163
15.01000,1.00159,1.00159
15.03000,1.00153,1.00153
15.05000,1.00144,1.00144
15.07000,1.00135,1.00135
15.09000,1.00126,1.00126
15.11000,1.00118,1.00118
15.13000,1.00113,1.00113
15.15000,1.00111,1.00111
15.17000,1.00113,1.00113
15.19000,1.00121,1.00121
15.21000,1.00133,1.00133
15.23000,1.00151,1.00151
15.25000,1.00174,1.00174
15.27000,1.00202,1.00202
15.29000,1.00234,1.00234
15.31000,1.00270,1.00270
15.33000,1.00308,1.00308
15.35000,1.00347,1.00347
15.37000,1.00386,1.00386
15.39000,1.00422,1.00422
15.41000,1.00455,1.00455
15.43000,1.00483,1.00483
15.45000,1.00503,1.00503
15.47000,1.00514,1.00514
15.49000,1.00515,1.00515
15.51000,1.00504,1.00504
15.53000,1.00481,1.00481
15.55000,1.00445,1.00445
15.57000,1.00394,1.00394
15.59000,1.00330,1.00330
15.61000,1.00252,1.00252
15.63000,1.00161,1.00161
15.65000,1.00059,1.00059
15.67000,0.99946,0.99946
15.69000,0.99824,0.99824
15.71000,0.99695,0.99695
15.73000,0.99561,0.99561
15.75000,0.99425,0.99425
15.77000,0.99290,0.99290
15.79000,0.99158,0.99158
15.81000,0.99031,0.99031
15.83000,0.98913,0.98913
15.85000,0.98805,0.98805
15.87000,0.98711,0.98711
15.89000,0.98631,0.98631
15.91000,0.98568,0.98568
15.93000,0.98524,0.98524
15.95000,0.98498,0.98498
15.97000,0.98493,0.98493
15.99000,0.98507,0.98507
16.01000,0.98542,0.98542
16.03000,0.98595,0.98595
16.05000,0.98667,0.98667
16.07000,0.98756,0.98756
16.09000,0.98860,0.98860
16.11000,0.98977,0.98977
16.13000,0.99106,0.99106
16.15000,0.99242,0.99242
16.17000,0.99385,0.99385
16.19000,0.99532,0.99532
16.21000,0.99680,0.99680
16.23000,0.99826,0.99826
16.25000,0.99968,0.99968
16.27000,1.00104,1.00104
16.29000,1.00233,1.00233
16.31000,1.00352,1.00352
16.33000,1.00460,1.00460
16.35000,1.00556,1.00556
16.37000,1.00640,1.00640
16.39000,1.00710,1.00710
16.41000,1.00768,1.00768
16.43000,1.00812,1.00812
16.45000,1.00844,1.00844
16.47000,1.00865,1.00865
16.49000,1.00875,1.00875
16.51000,1.00875,1.00875
16.53000,1.00867,1.00867
16.55000,1.00853,1.00853
16.57000,1.00833,1.00833
16.59000,1.00809,1.00809
16.61000,1.00782,1.00782
16.63000,1.00754,1.00754
16.65000,1.00725,1.00725
16.67000,1.00697,1.00697
16.69000,1.00671,1.00671
16.71000,1.00647,1.00647
16.73000,1.00625,1.00625
16.75000,1.00605,1.00605
16.77000,1.00589,1.00589
16.79000,1.00575,1.00575
16.81000,1.00563,1.00563
16.83000,1.00552,1.00552
16.85000,1.00543,1.00543
16.87000,1.00534,1.00534
16.89000,1.00525,1.00525
16.91000,1.00515,1.00515
16.93000,1.00503,1.00503
16.95000,1.00489,1.00489
16.97000,1.00472,1.00472
16.99000,1.00451,1.00451
17.01000,1.00426,1.00426
17.03000,1.00397,1.00397
17.05000,1.00364,1.00364
17.07000,1.00326,1.00326
17.09000,1.00284,1.00284
17.11000,1.00238,1.00238
17.13000,1.00188,1.00188
17.15000,1.00135,1.00135
17.17000,1.00080,1.00080
17.19000,1.00023,1.00023
17.21000,0.99965,0.99965
17.23000,0.99907,0.99907
17.25000,0.99850,0.99850
17.27000,0.99794,0.99794
17.29000,0.99740,0.99740
17.31000,0.99689,0.99689
17.33000,0.99641,0.99641
17.35000,0.99598,0.99598
17.37000,0.99559,0.99559
17.39000,0.99525,0.99525
17.41000,0.99496,0.99496
17.43000,0.99472,0.99472
17.45000,0.99454,0.99454
17.47000,0.99440,0.99440
17.49000,0.99432,0.99432
17.51000,0.99429,0.99429
17.53000,0.99430,0.99430
17.55000,0.99436,0.99436
17.57000,0.99445,0.99445
17.59000,0.99459,0.99459
17.61000,0.99475,0.99475
17.63000,0.99495,0.99495
17.65000,0.99516,0.99516
17.67000,0.99541,0.99541
17.69000,0.99567,0.99567
17.71000,0.99594,0.99594
17.73000,0.99623,0.99623
17.75000,0.99653,0.99653
17.77000,0.99685,0.99685
17.79000,0.99717,0.99717
17.81000,0.99749,0.99749
17.83000,0.99782,0.99782
17.85000,0.99816,0.99816
17.87000,0.99850,0.99850
17.89000,0.99883,0.99883
17.91000,0.99917,0.99917
17.93000,0.99950,0.99950
17.95000,0.99982,0.99982
17.97000,1.00013,1.00013
17.99000,1.00043,1.00043
18.01000,1.00070,1.00070
18.03000,1.00096,1.00096
18.05000,1.00119,1.00119
18.07000,1.00139,1.00139
18.09000,1.00155,1.00155
18.11000,1.00167,1.00167
18.13000,1.00176,1.00176
18.15000,1.00179,1.00179
18.17000,1.00179,1.00179
18.19000,1.00173,1.00173
18.21000,1.00162,1.00162
18.23000,1.00147,1.00147
18.25000,1.00127,1.00127
18.27000,1.00102,1.00102
18.29000,1.00074,1.00074
18.31000,1.00042,1.00042
18.33000,1.00007,1.00007
18.35000,0.99970,0.99970
18.37000,0.99932,0.99932
18.39000,0.99893,0.99893
18.41000,0.99855,0.99855
18.43000,0.99818,0.99818
18.45000,0.99783,0.99783
18.47000,0.99752,0.99752
18.49000,0.99725,0.99725
18.51000,0.99702,0.99702
18.53000,0.99685,0.99685
18.55000,0.99675,0.99675
18.57000,0.99671,0.99671
18.59000,0.99674,0.99674
18.61000,0.99685,0.99685
18.63000,0.99703,0.99703
18.65000,0.99728,0.99728
18.67000,0.99760,0.99760
18.69000,0.99798,0.99798
18.71000,0.99843,0.99843
18.73000,0.99893,0.99893
18.75000,0.99947,0.99947
18.77000,1.00006,1.00006
18.79000,1.00066,1.00066
18.81000,1.00129,1.00129
18.83000,1.00192,1.00192
18.85000,1.00255,1.00255
18.87000,1.00316,1.00316
18.89000,1.00375,1.00375
18.91000,1.00431,1.00431
18.93000,1.00483,1.00483
18.95000,1.00530,1.00530
18.97000,1.00572,1.00572
18.99000,1.00608,1.00608
19.01000,1.00638,1.00638
19.03000,1.00662,1.00662
19.05000,1.00680,1.00680
19.07000,1.00692,1.00692
19.09000,1.00697,1.00697
19.11000,1.00697,1.00697
19.13000,1.00691,1.00691
19.15000,1.00679,1.00679
19.17000,1.00663,1.00663
19.19000,1.00643,1.00643
19.21000,1.00619,1.00619
19.23000,1.00591,1.00591
19.25000,1.00561,1.00561
19.27000,1.00527,1.00527
19.29000,1.00492,1.00492
19.31000,1.00455,1.00455
19.33000,1.00416,1.00416
19.35000,1.00375,1.00375
19.37000,1.00333,1.00333
19.39000,1.00290,1.00290
19.41000,1.00246,1.00246
19.43000,1.00200,1.00200
19.45000,1.00154,1.00154
19.47000,1.00105,1.00105
19.49000,1.00056,1.00056
19.51000,1.00005,1.00005
19.53000,0.99952,0.99952
19.55000,0.99898,0.99898
19.57000,0.99842,0.99842
19.59000,0.99786,0.99786
19.61000,0.99728,0.99728
19.63000,0.99669,0.99669
19.65000,0.99609,0.99609
19.67000,0.99550,0.99550
19.69000,0.99491,0.99491
19.71000,0.99432,0.99432
19.73000,0.99376,0.99376
19.75000,0.99321,0.99321
19.77000,0.99269,0.99269
19.79000,0.99221,0.99221
19.81000,0.99177,0.99177
19.83000,0.99138,0.99138
19.85000,0.99104,0.99104
19.87000,0.99077,0.99077
19.89000,0.99057,0.99057
19.91000,0.99045,0.99045
19.93000,0.99040,0.99040
19.95000,0.99044,0.99044
19.97000,0.99056,0.99056
19.99000,0.99077,0.99077
